StartDate,EndDate,Status,IPAddress,Progress,Duration (in seconds),Finished,RecordedDate,ResponseId,RecipientLastName,RecipientFirstName,RecipientEmail,ExternalReference,LocationLatitude,LocationLongitude,DistributionChannel,UserLanguage,Q16,Q102,Q103,Q104,Q101,Q6,Q7,Q8,Q9,Q10,Q11,Q12,Q13,Q14,Q14,Q17,Q15,Q16,Q19,Q20,Q21,Q22,Q23,Q24,Q25,Q26,Q27,Q28,Q29,Q30,Q31,Q32,Q33,Q34,Q35,Q36,Q37,Q38,Q39,Q40,Q41,Q42,Q43,Q44,Q45,Q46,Q47,Q48,Q49,Q50,Q51,Q52,Q53,Q54,Q55,Q56,Q57,Q58,Q59,Q60,Q61,Q62,Q63,Q64,Q65,Q66,Q67,Q68,Q69,Q70,Q71,Q72,Q73,Q74,Q75,Q76,Q77,Q78,Q79,Q80,Q81,Q82,Q83,Q84,Q85,Q86,Q87,Q88,Q89,Q90,Q91,Q92,Q93,Q94,Q95,Q96,Q97,Q98,Q99,Q100,Q20,mTurkCode
Start Date,End Date,Response Type,IP Address,Progress,Duration (in seconds),Finished,Recorded Date,Response ID,Recipient Last Name,Recipient First Name,Recipient Email,External Data Reference,Location Latitude,Location Longitude,Distribution Channel,User Language,time,life,love,night,home,men,wife,tv,baby,work,family,honey,god,father,promise,trust,hell,heart,mom,babe,mother,daughter,women,son,money,ideas,room,cars,chance,daddy,company,reason,face,guess,husband,phone,operation,girls,guys,dad,mind,marriage,problems,power,world,friend,hope,lady,sweetheart,brother,fault,sister,today,pity,truth,agent,office,job,morning,police,minute,drugs,hate,wedding,fun,child,excuse,fire,hospital,fact,house,valley,station,mistake,honeymoon,deal,lie,trouble,business,boys,compassion,school,enchantment,sleep,news,change,meaning,town,computer,system,party,hair,case,question,television,information,doctor,check,crash,team,What is your gender?,mTurkCode
"{""ImportId"":""startDate"",""timeZone"":""America/Denver""}","{""ImportId"":""endDate"",""timeZone"":""America/Denver""}","{""ImportId"":""status""}","{""ImportId"":""ipAddress""}","{""ImportId"":""progress""}","{""ImportId"":""duration""}","{""ImportId"":""finished""}","{""ImportId"":""recordedDate"",""timeZone"":""America/Denver""}","{""ImportId"":""_recordId""}","{""ImportId"":""recipientLastName""}","{""ImportId"":""recipientFirstName""}","{""ImportId"":""recipientEmail""}","{""ImportId"":""externalDataReference""}","{""ImportId"":""locationLatitude""}","{""ImportId"":""locationLongitude""}","{""ImportId"":""distributionChannel""}","{""ImportId"":""userLanguage""}","{""ImportId"":""QID19""}","{""ImportId"":""QID113""}","{""ImportId"":""QID114""}","{""ImportId"":""QID115""}","{""ImportId"":""QID112""}","{""ImportId"":""QID9""}","{""ImportId"":""QID10""}","{""ImportId"":""QID11""}","{""ImportId"":""QID12""}","{""ImportId"":""QID13""}","{""ImportId"":""QID14""}","{""ImportId"":""QID15""}","{""ImportId"":""QID16""}","{""ImportId"":""QID17""}","{""ImportId"":""QID20""}","{""ImportId"":""QID23""}","{""ImportId"":""QID21""}","{""ImportId"":""QID22""}","{""ImportId"":""QID30""}","{""ImportId"":""QID31""}","{""ImportId"":""QID32""}","{""ImportId"":""QID33""}","{""ImportId"":""QID34""}","{""ImportId"":""QID35""}","{""ImportId"":""QID36""}","{""ImportId"":""QID37""}","{""ImportId"":""QID38""}","{""ImportId"":""QID39""}","{""ImportId"":""QID40""}","{""ImportId"":""QID41""}","{""ImportId"":""QID42""}","{""ImportId"":""QID43""}","{""ImportId"":""QID44""}","{""ImportId"":""QID45""}","{""ImportId"":""QID46""}","{""ImportId"":""QID47""}","{""ImportId"":""QID48""}","{""ImportId"":""QID49""}","{""ImportId"":""QID50""}","{""ImportId"":""QID51""}","{""ImportId"":""QID52""}","{""ImportId"":""QID53""}","{""ImportId"":""QID54""}","{""ImportId"":""QID55""}","{""ImportId"":""QID56""}","{""ImportId"":""QID57""}","{""ImportId"":""QID58""}","{""ImportId"":""QID59""}","{""ImportId"":""QID60""}","{""ImportId"":""QID61""}","{""ImportId"":""QID62""}","{""ImportId"":""QID63""}","{""ImportId"":""QID64""}","{""ImportId"":""QID65""}","{""ImportId"":""QID66""}","{""ImportId"":""QID67""}","{""ImportId"":""QID68""}","{""ImportId"":""QID69""}","{""ImportId"":""QID70""}","{""ImportId"":""QID71""}","{""ImportId"":""QID72""}","{""ImportId"":""QID73""}","{""ImportId"":""QID74""}","{""ImportId"":""QID75""}","{""ImportId"":""QID76""}","{""ImportId"":""QID77""}","{""ImportId"":""QID78""}","{""ImportId"":""QID79""}","{""ImportId"":""QID80""}","{""ImportId"":""QID81""}","{""ImportId"":""QID82""}","{""ImportId"":""QID83""}","{""ImportId"":""QID84""}","{""ImportId"":""QID85""}","{""ImportId"":""QID86""}","{""ImportId"":""QID87""}","{""ImportId"":""QID88""}","{""ImportId"":""QID89""}","{""ImportId"":""QID90""}","{""ImportId"":""QID91""}","{""ImportId"":""QID92""}","{""ImportId"":""QID93""}","{""ImportId"":""QID94""}","{""ImportId"":""QID95""}","{""ImportId"":""QID96""}","{""ImportId"":""QID97""}","{""ImportId"":""QID98""}","{""ImportId"":""QID99""}","{""ImportId"":""QID100""}","{""ImportId"":""QID101""}","{""ImportId"":""QID102""}","{""ImportId"":""QID103""}","{""ImportId"":""QID104""}","{""ImportId"":""QID105""}","{""ImportId"":""QID106""}","{""ImportId"":""QID107""}","{""ImportId"":""QID108""}","{""ImportId"":""QID109""}","{""ImportId"":""QID110""}","{""ImportId"":""QID111""}","{""ImportId"":""QID26""}","{""ImportId"":""mTurkCode""}"
2018-02-06 23:22:27,2018-02-06 23:23:05,IP Address,67.1.218.77,100,37,True,2018-02-06 23:23:06,R_qDQ5V5itYPjWCu5,,,,,32.268600463867,-111.00219726562,anonymous,EN,,,,,,,,,,,,,5,,,,,,6,,,,,,,,,,,,,,,,"10 ""Mostly women""",,,,,,,,,5,,,,,,,,9,,,,,,,,4,,,,,,,,,,,7,,,,6,,,,,,,,,,,,5,6,,,,,,,,,,,,,Male,11893
2018-02-06 23:28:19,2018-02-06 23:28:52,IP Address,45.50.209.20,100,33,True,2018-02-06 23:28:53,R_31FRDTG1p0LAdfQ,,,,,34.088104248047,-117.46479797363,anonymous,EN,,,8,,,,,,,,,,,,,,,,,,,,3,,,,,,,,,,,,,,,,,,8,,8,,,,,,,,,3,,,8,,,,,,,,8,,,,,,,,,,,,,2,,,,9,,,,,,,,,,,2,,,,,,,,,,Male,6074914
2018-02-07 00:14:02,2018-02-07 00:14:30,IP Address,24.130.232.222,100,27,True,2018-02-07 00:14:30,R_1CkICCJquDgRANI,,,,,37.311996459961,-121.96600341797,anonymous,EN,,,,,,,,,,,7,2,,,,8,,,,,,,,,,,,,,,,,,,,,,,,,,,,,,,,,,,,,5,,,5,,,,5,,,3,,,,,,,,,,,,,,,,,8,,,,,,6,,,,,,,,,3,,,,,,Male,7962621
2018-02-07 02:43:45,2018-02-07 02:44:28,IP Address,66.87.133.194,100,42,True,2018-02-07 02:44:29,R_3nNUEoAEukrRz3a,,,,,35.803207397461,-79.982696533203,anonymous,EN,4,,,,,,,,,,,,,,,,,,,9,,,,6,,,,,,,,,,,,,,,,,,,,,,6,,,,,,,,,,2,,,,,,,,,,9,,2,9,,,,,,,,,,,,,,,8,,,,,,,2,,,,,,,,,,Female,2942186
2018-02-07 03:47:18,2018-02-07 03:48:40,IP Address,73.119.2.27,100,81,True,2018-02-07 03:48:41,R_2VC8oLxQO3LVhLn,,,,,42.428100585938,-71.05460357666,anonymous,EN,,,,5,7,,,,,,,,,,7,,,,,,,,,,,,,,,7,,,,,,,,,,,,,,,,,,,,,,,,,,,,,7,,,,,8,,,,,,,,,,,,,,,,,7,,,6,,,,5,,,,,,,,4,,,,,Female,1406276
2018-02-07 03:59:21,2018-02-07 04:00:00,IP Address,64.134.33.30,100,39,True,2018-02-07 04:00:01,R_2Cku3lyftvNXOe3,,,,,41.848297119141,-87.651702880859,anonymous,EN,,,,,,,,,,,,8,,,,,,,,,,,,,,,,,,,,,,,,,,,9,,,,,,,,,,,,,2,,,5,,,,5,,6,,,,,,,,,,,,,,7,,7,,,9,,,,,,,,,,,,,,,,,,3,,,Male,9501998
2018-02-07 04:07:09,2018-02-07 04:08:25,IP Address,50.29.234.150,100,75,True,2018-02-07 04:08:25,R_3hbBa61z4pUK7Qr,,,,,40.801605224609,-76.435401916504,anonymous,EN,,,,,,,,,,,,,8,,,,,,,,7,,,,,4,,"1 ""Mostly men""",,,,,,,,,,,,,,,,,,,,,,,,,,,,,,,5,,5,,,,,,,,,,,,3,,,5,,,2,,,,,,,,,,,,,,,,,,8,,,,Female,5284948
2018-02-07 05:47:49,2018-02-07 05:48:47,IP Address,24.167.170.251,100,57,True,2018-02-07 05:48:48,R_2Ug8IwTRUdCvz9s,,,,,36.007400512695,-79.873199462891,anonymous,EN,,,,,8,,2,5,8,3,8,,,,,,,,,5,,,,,,,,,,,,,,,,,,,,6,,,,,,,,,,,,,,,,,,,,,,,,,5,,,,,,,,,,,,,,,,,,,,,,,,4,,,,,,,,,,,,Female,2130691
2018-02-07 06:17:23,2018-02-07 06:18:26,IP Address,148.74.64.2,100,63,True,2018-02-07 06:18:27,R_3q9jH3ovSG0BqjF,,,,,40.627807617188,-73.36499786377,anonymous,EN,,,,,,,,3,,,,5,5,,,,,,,,,,3,,,,,,,,5,,,,,,,,,,,,,,,,,,,,,,,,,,4,,,,,,,,,,,,,,5,,,,,,,,,,7,6,,,,,6,,,,,,,,,,,,,,Male,8200046
2018-02-07 07:03:10,2018-02-07 07:04:19,IP Address,50.232.32.202,100,69,True,2018-02-07 07:04:20,R_263mxGHnQvzbe2I,,,,,39.304092407227,-76.664199829102,anonymous,EN,,,8,,,8,,,,,,,,,,,,7,,"1 ""Mostly men""",,,,,,,,,,,,,,,,,,,,,,,,,,,,4,,,,,,,,,,,,6,,,,,5,,,,,,,6,,,,,,,,,,,,,,,,,,4,,,,,,6,,,,,Male,2045955
2018-02-07 08:21:21,2018-02-07 08:21:42,IP Address,98.250.0.192,100,20,True,2018-02-07 08:21:43,R_1eCMsnXki4oXOf4,,,,,42.988800048828,-85.46410369873,anonymous,EN,,7,,,,,,,,,,,,,,,,,8,,,,,,,,,,,,,,,,,,,,,4,,,,,,,7,,,,,,5,,,,,,,,,,,9,,,,,,4,,,,,,,,,,,,,,,,,,5,,4,,,,5,,,,,,,Female,3904572
2018-02-07 08:21:33,2018-02-07 08:22:00,IP Address,47.37.233.90,100,26,True,2018-02-07 08:22:00,R_1BVojGcCSJTvMt8,,,,,35.972595214844,-81.551300048828,anonymous,EN,,,,,,,,,,,,,,,,,,,,,,,,,,,,,,,7,,9,,,,,,,,,,,,,,9,,,,,,8,,,,,,8,,,,,"10 ""Mostly women""",,,,3,9,,,,,,,,,,,,,,,,6,8,,,,,,,,,,,,,,,Female,6188632
2018-02-07 08:21:52,2018-02-07 08:22:31,IP Address,174.71.44.203,100,39,True,2018-02-07 08:22:32,R_3JLA8Bbglx29iou,,,,,41.299301147461,-96.166603088379,anonymous,EN,,7,,,,,,,,,,,4,,,,,,"10 ""Mostly women""",,,,,,,,,"1 ""Mostly men""",,,,,,,,,,,,,,,"10 ""Mostly women""",,,,,,,,,,,,,,,,,5,,,,,,,,,,,,,4,5,,,,,,,,,"10 ""Mostly women""",,,,2,,,,,,,,,,,,,,Male,6068786
2018-02-07 08:22:16,2018-02-07 08:23:06,IP Address,24.158.191.7,100,49,True,2018-02-07 08:23:07,R_32Raf6Pg72ZXJsy,,,,,34.891403198242,-85.120697021484,anonymous,EN,,,,,,8,,,,,,,,,8,8,,,,5,,,,,,,,2,,,,,,,,6,5,,,,,,8,,,,,,,,,,,,,,,,,,,,,,,,,,6,,,,,,,,,,,,,,,,,,,,,,,,,,,,,,,5,Female,4855933
2018-02-07 08:22:28,2018-02-07 08:23:09,IP Address,73.171.228.107,100,40,True,2018-02-07 08:23:09,R_2YF06y0MZUUNZKV,,,,,30.227493286133,-81.380096435547,anonymous,EN,,,6,,,8,,,,,,,,5,,,,,,,,,2,,,,,,,,,,,,,,,,,,,7,7,,,,,,,,,,,,,,,6,,,6,4,,,,,6,,,,,,,,,,,,,,,,,,,,,,,,,,,,,,,,,,Female,8346561
2018-02-07 08:22:01,2018-02-07 08:23:23,IP Address,204.237.226.4,100,81,True,2018-02-07 08:23:24,R_sHES895mVsFPMNb,,,,,37.514205932617,-75.877998352051,anonymous,EN,,,,,,,,,8,,,,,4,,8,,,,,,,,,,,,,,,,,,,,,,,,,,8,,,,,,,,,,"10 ""Mostly women""",5,,,,,,,,5,,,,,,,,7,5,,6,,,,,,,,,,,,,,,,,,,,,,,,,,,,,Female,8841165
2018-02-07 08:22:58,2018-02-07 08:23:43,IP Address,73.101.253.239,100,44,True,2018-02-07 08:23:44,R_1gOpzd7t6GJM9kq,,,,,41.383804321289,-75.738296508789,anonymous,EN,,,,,,,,,,,,8,,,,,,"10 ""Mostly women""",,,,,"10 ""Mostly women""",,,,,,,,,,,,,,,3,,,,,,,,,,7,,,,,,"10 ""Mostly women""",,,,,,,,"1 ""Mostly men""",,,,"10 ""Mostly women""",,,,,,,,,,,8,,,,,,,,,,,,,,,,,7,,,,,,,Female,7595474
2018-02-07 08:22:51,2018-02-07 08:24:10,IP Address,68.231.140.228,100,79,True,2018-02-07 08:24:11,R_3G7VEstNXpyBb5w,,,,,33.769393920898,-112.24819946289,anonymous,EN,,,,,,,,,,,,,,,,,,,,,,,,5,,,,,,6,,,,,,,,,8,,,,,4,5,,,,8,,,,,,,,,6,,,,,7,,,,,,,9,,,,,,,8,,,,,,,,,,,,,,,,,,,,,,,,Female,6197808
2018-02-07 08:22:02,2018-02-07 08:24:28,IP Address,73.210.25.228,100,146,True,2018-02-07 08:24:29,R_3Jl91euDFCqsnZa,,,,,40.676193237305,-89.635597229004,anonymous,EN,,,,,,,,,,,,,,,,,,,,,"10 ""Mostly women""",,,,,,7,,,,4,,,,,,,,,,,,7,,,,,,,,,,,,,,,,,,,,,,,,,,7,5,,,3,,,,,,,,,,,,,,8,,,,,"10 ""Mostly women""",,,,,6,,,,Female,2485522
2018-02-07 08:24:05,2018-02-07 08:24:44,IP Address,108.219.212.132,100,38,True,2018-02-07 08:24:44,R_3iIvecECbwAGBYw,,,,,34.176696777344,-118.31050109863,anonymous,EN,,,,,,,,,,,,,5,,,,,,,,,,,,6,,,,,,,,8,,,,,,"10 ""Mostly women""",,,8,,,,,,,,,,,6,,,,,,,,5,,,,6,8,,,,,,,,,,3,,,,,,,,,,,,,,,,,,,,,,,,,Male,2002639
2018-02-07 08:24:38,2018-02-07 08:25:39,IP Address,174.16.56.245,100,60,True,2018-02-07 08:25:40,R_2e3a1bnHgeOIiGh,,,,,39.677001953125,-104.9646987915,anonymous,EN,,8,,,,,,,,3,,,,,,,,,,,,,,,,,8,,,,,,,8,,,,,,7,,,,,,,,,,,,,,,,,,3,,,,,,,,,,"1 ""Mostly men""",,,6,,,,,3,,,,,,,,,,,,,,,,8,,,,,,,,,Male,1474918
2018-02-07 08:25:24,2018-02-07 08:25:51,IP Address,71.209.132.36,100,26,True,2018-02-07 08:25:52,R_26gcBHIbnJCXZwp,,,,,33.323303222656,-111.82440185547,anonymous,EN,,,,,,,,3,9,,,,,,,,,,,,,,,9,,,,,,,,,8,,9,,,,,,,,,,,,,,,,,,,,,2,,,,3,,,,8,,,,,,,,,,,,,,,3,,,,,,,,,8,,,,,,,,,,,,,Female,1008455
2018-02-07 08:26:06,2018-02-07 08:27:02,IP Address,74.105.84.170,100,55,True,2018-02-07 08:27:02,R_2BsLHF6zWQn6U0Y,,,,,40.958999633789,-74.497299194336,anonymous,EN,,,,,,,"1 ""Mostly men""",,,,,,5,,,8,,,,,,,,,,,7,,3,,,,,8,,,,,,,,,,,,,,,,,,,,,,,3,,,,6,,,,,,,,,,,,,,,,,,3,,,,,,,,,,5,,,,,,,,,,,,Male,9498140
2018-02-07 08:27:42,2018-02-07 08:28:44,IP Address,63.151.141.158,100,61,True,2018-02-07 08:28:45,R_DxiPkjTASDCwDIt,,,,,36.635498046875,-88.282997131348,anonymous,EN,6,,,,,,,,,,,,,,,,,,,,,,,,,,,,,6,4,,,,,,,,,,,,,,,,,,,,,,,8,,,,5,,,,,,,,,,,,,,,,,,4,,,,3,,,,,,,,5,3,,,,,,,,,,6,,Male,9904512
2018-02-07 08:28:22,2018-02-07 08:28:55,IP Address,67.44.177.22,100,32,True,2018-02-07 08:28:56,R_wNxGxbctHaIAs9z,,,,,38.57829284668,-90.666603088379,anonymous,EN,,,,,,,,,,,,,,,,"10 ""Mostly women""",,,,,,7,,5,,,6,,,,,5,,,,,,,,,,,,,,,,,,,,,,,,,,,,,,,9,,,,,,,,,,,,,,,,,,,"10 ""Mostly women""",,,,,,,,,,,,,2,6,,,4,,Female,6927843
2018-02-07 08:31:00,2018-02-07 08:32:13,IP Address,173.94.144.4,100,73,True,2018-02-07 08:32:13,R_1LnuRZxEtim2JSe,,,,,36.461700439453,-80.619102478027,anonymous,EN,,,,5,,,,,,,,,,,,,,,,,,,,,,,,,"10 ""Mostly women""",,,,,5,,8,,,,,,,5,,,,,,,,,,,,,,,,,,,,,,5,,,,,5,,5,,,,,,,,,,,,,,,,,,,,,,,,,6,5,,,Female,5101850
2018-02-07 08:32:29,2018-02-07 08:33:14,IP Address,65.24.200.156,100,45,True,2018-02-07 08:33:15,R_3pc19RlKVaPPeYN,,,,,41.461502075195,-84.553100585938,anonymous,EN,,,6,,,,,,,,,,,,,,,,,,,,,,,,6,,5,,,,,,,,,,,,,6,,,,,,,,,,,,,,5,5,5,,,,5,,,,,,,,,,,,,,,,,,6,,,,,,,,,,5,,,,,,,,,,,Female,6317303
2018-02-07 08:33:29,2018-02-07 08:33:59,IP Address,71.76.45.168,100,30,True,2018-02-07 08:34:00,R_1JLvGyJR3HnZkfe,,,,,34.195404052734,-79.762603759766,anonymous,EN,6,,,,,,,,,,,,,,,,,,,,,,,,,,,,,5,7,,,,,,,"1 ""Mostly men""",,,,,,,,,,,,,,,,,,6,,3,,,,,,,,,,,6,,,,,,,,,,,,,,,,,8,7,,,,,,,,,,,5,,,Male,5741524
2018-02-07 08:34:32,2018-02-07 08:35:08,IP Address,71.71.90.54,100,35,True,2018-02-07 08:35:08,R_PzcYkAHlrAGEwQF,,,,,36.124206542969,-80.635101318359,anonymous,EN,,,,,,,,,,,,,,,,,,,,,,,,7,,,9,"1 ""Mostly men""",,,,,,,,7,,,,,,"10 ""Mostly women""",,,,,,,,,,,,,7,,,,,,6,4,,,,,,,,,,,,,,,,,,,,,,,,,,,,,,"10 ""Mostly women""",,,,,,,,"1 ""Mostly men""",Male,9212063
2018-02-07 08:35:01,2018-02-07 08:35:24,IP Address,67.181.174.153,100,22,True,2018-02-07 08:35:24,R_3m4C27486H6v5cC,,,,,36.626602172852,-119.51940155029,anonymous,EN,,,,,,,"10 ""Mostly women""",5,,,6,,,,,,,,8,,,,,,,,,,,,4,9,,,,,,,,,,,,,,,,,,,,,,,,,,,,3,,,,,,,,,,,,,,,,,,,,,,,7,,4,,,,,,,,,,,,,4,,,Male,5776181
2018-02-07 08:35:06,2018-02-07 08:36:02,IP Address,104.176.6.160,100,56,True,2018-02-07 08:36:03,R_22kWnlIXHTkObvu,,,,,38.112899780273,-122.13310241699,anonymous,EN,,5,,,,,,,,,,,,,,,5,,,,,,,,,,,,,,,,,,,6,,,,,,,,,,,,,,,8,6,,,,,,5,,,,,,,,,,,,,,,,,,,,4,,,8,,,7,,5,,,,,,,,,,,,,,,Male,1011885
2018-02-07 08:35:31,2018-02-07 08:36:07,IP Address,96.248.87.112,100,36,True,2018-02-07 08:36:08,R_31nmddbypNp7H4i,,,,,40.283004760742,-74.621696472168,anonymous,EN,5,,,,6,,,,,,,,,,,,,,,,,,,,,7,,,,,,,,7,,,,,,,,,,,5,,,,,,,,,,,,,,7,5,,,,,,7,,,,,,,,,,,,,,,,,,,,,6,,,,,,,,,,6,,,,Male,4324223
2018-02-07 08:35:01,2018-02-07 08:36:16,IP Address,70.15.100.232,100,74,True,2018-02-07 08:36:16,R_3DehRMRxFvdZhDk,,,,,40.175704956055,-76.165802001953,anonymous,EN,,,8,,7,,,,9,,,,,,,,,,,,,,4,,,,,,,,,,,,,,,,,,,,,,,,,,,,,,,,9,,,,,,,,,,,,8,,,,,,,,,7,,,,,,,9,,,,,,,,,,,,,4,,,3,,Male,5388509
2018-02-07 08:35:54,2018-02-07 08:36:23,IP Address,85.97.186.121,100,28,True,2018-02-07 08:36:23,R_2Pvf63oAA4P4ZSP,,,,,41.018600463867,28.964706420898,anonymous,EN,,8,,,,,,,,,,,,,,7,,,9,8,,,,,,,,,,,,,,,,,,,,,,,,,,,,,,3,,,,,,,,,,,7,,,,,,,,,,,,,,,,,,,,,,,,,8,,,3,,,,2,,,,,,,4,Male,4937703
2018-02-07 08:35:50,2018-02-07 08:36:31,IP Address,73.27.179.20,100,41,True,2018-02-07 08:36:31,R_3nN8Q7E8XaJSRBU,,,,,27.310104370117,-82.52140045166,anonymous,EN,7,,9,4,,,,,,,,,,8,,7,,,,,,,,,,,,,,,,,,,,,,,,,,8,,,,,,,,,,,,8,,,,4,,,,,,,,,,,,4,,,,,,,,,,,,,,,,,,,,,,,,,3,,,,,,Female,9484314
2018-02-07 08:36:16,2018-02-07 08:36:47,IP Address,24.130.232.222,100,31,True,2018-02-07 08:36:48,R_Oa6O0kCynh7tuMx,,,,,37.311996459961,-121.96600341797,anonymous,EN,,,,,,,,,,,,,,,,,,,,,,,,,,,,,,,,,8,,,,,2,,,,,,,,6,,4,,,,,,,,,,,5,,,,,,,4,,,,7,,,,,,,,,,,,,,,,,,,3,,,,,,,,,6,,4,Male,670540
2018-02-07 08:36:18,2018-02-07 08:36:50,IP Address,67.175.243.58,100,32,True,2018-02-07 08:36:51,R_71jKOfZPj359FAt,,,,,41.903793334961,-87.67569732666,anonymous,EN,,,,,,,,6,,4,,,,3,,,,,,4,,,,,,5,,,,,4,,,5,,,,,,,,,,,,,8,,,,,,,,5,,,,,,,,,,,,,,,5,,,,,,,,,,,,,,,,,,,,,,,,,,,,,,,Male,4107039
2018-02-07 08:37:29,2018-02-07 08:37:54,IP Address,75.133.243.227,100,25,True,2018-02-07 08:37:55,R_1reoor0HkRc9Bzj,,,,,43.379196166992,-84.667098999023,anonymous,EN,,,,5,,,,,,,,,,,,,,,,,,,,,,4,,,,,,,,,8,,,,,,,,,,,,,,,,,,,,6,6,,,,,,,,,,,,,,,,,,,,,,,,,,,,,6,5,,6,4,,,"10 ""Mostly women""",,,,,,,,,Male,8466297
2018-02-07 08:38:59,2018-02-07 08:39:53,IP Address,50.252.96.157,100,54,True,2018-02-07 08:39:54,R_2h2HnGn3FnkRzP3,,,,,41.863204956055,-87.61979675293,anonymous,EN,,,,,,,,6,,,,,,4,8,,,,7,,,,,,,,,,,,,,7,7,,,,,,,,,,,,,5,,,7,,,,,,,,,,,,,,,,,,,,,,,,,7,,,,,,,,,,,,,,,4,,,,,,,,,,,Male,1851535
2018-02-07 08:39:08,2018-02-07 08:39:52,IP Address,184.54.194.220,100,44,True,2018-02-07 08:39:56,R_1dyvBYV6u044T2d,,,,,39.352203369141,-84.29940032959,anonymous,EN,,,,,,8,,,,,8,,,,7,,,,,,,,,,,,,,7,,,,,,,,4,,,,,,,3,,,,,,,,,,,,,,,,,,,5,,,,,,,,,,,6,,,,,,,,,,8,,,,,,,,,,,,,6,,,,Female,6767866
2018-02-07 08:39:14,2018-02-07 08:40:11,IP Address,24.160.45.186,100,56,True,2018-02-07 08:40:12,R_2DYNsD8Isru6eih,,,,,47.789199829102,-117.02659606934,anonymous,EN,,,,5,,,2,,,,,,,,,,5,,,,,,,5,,,,,6,,6,,,,,,,,,,,,5,,,,,,,,,,,,6,,,,,,,,,,,,,,,,,,,,,,,,,,8,,,,,8,,,,,,,,,,,,,,,Female,8766604
2018-02-07 08:40:27,2018-02-07 08:41:16,IP Address,98.214.237.154,100,49,True,2018-02-07 08:41:18,R_tWAPoAuTJiBVxIJ,,,,,39.915496826172,-88.891799926758,anonymous,EN,,,9,5,,,,,,,,,,,,,,,,,,,,,,,,,,,,5,,,,,,,3,,,,,,,,,,8,,,,,7,,,,,,,,,,7,,,,,5,,,,,,,,,6,,,,,,5,,,,,,,,,,,,,,,,,Male,9766870
2018-02-07 08:39:05,2018-02-07 08:41:21,IP Address,88.73.51.188,100,135,True,2018-02-07 08:41:22,R_3eq7OBTW1TcktKL,,,,,52.512298583984,13.439407348633,anonymous,EN,,,,,,,,,7,,6,,,,,,,,,,,,,,,,,,,,,,,,,,,,,,,,,,,,,,,,,,5,,,,,,,,,,,,,,6,5,,,5,,,,7,,,,,,,,,,6,,,,,,,,4,,,,,,,5,Male,9117913
2018-02-07 08:40:43,2018-02-07 08:42:29,IP Address,68.32.232.238,100,105,True,2018-02-07 08:42:30,R_21zETyZy5M0vfPL,,,,,36.761993408203,-82.038803100586,anonymous,EN,,,,,,"10 ""Mostly women""",,,,,,,,,,,,,,,,,,,,4,,,,,,,,6,,,,,,,,,7,,,,,,,,,,,,,,,4,,,6,,8,,,,,,,,,6,,,,,,,,"10 ""Mostly women""",,,,,,,,,,,,,,,6,,,,,,Male,7438221
2018-02-07 08:41:42,2018-02-07 08:43:29,IP Address,100.11.94.151,100,107,True,2018-02-07 08:43:30,R_32JgayoiJPStAjV,,,,,40.241500854492,-75.283798217773,anonymous,EN,,6,,,,,,,,,,,5,,,,,,9,,,8,,,,,,4,,,6,,,,,,,,,,,,,,,,,,,,,,,,,,,,,,,,7,,,,,,,,,,,,8,,,,,,,,,,,,,,5,,,,,,,,,,3,,Male,9202427
2018-02-07 08:49:29,2018-02-07 08:50:25,IP Address,75.70.148.98,100,55,True,2018-02-07 08:50:26,R_1IZfKC7od5hAZfG,,,,,39.928497314453,-104.95590209961,anonymous,EN,4,,,5,,,,,8,,,,,,,,,,,,,8,,,5,,,,,,,5,,,,,,,,,,,,,,5,6,,,,,,,,,,,,,,,,,,,,,,,,,,,,,4,,,,,,,,,,,,,,5,,,,,,,,,,,Male,6600939
2018-02-07 08:49:50,2018-02-07 08:50:49,IP Address,68.226.96.200,100,58,True,2018-02-07 08:50:50,R_1C2XYHHP5JqkzRo,,,,,32.213195800781,-110.88729858398,anonymous,EN,3,,,,,8,,,,,,,,7,,,3,,,,,,,,8,,,,,,,,,,,,,4,,,,,,,,,,,,,,5,5,,,,,,,,,,,,,8,,,,,,,,,,,,,,,,,,,,,,6,,,,,,,,,,,,,Male,5534489
2018-02-07 09:55:15,2018-02-07 09:56:06,IP Address,173.239.228.84,100,51,True,2018-02-07 09:56:07,R_3lSpKdJCnXGJKW4,,,,,37.339401245117,-121.89500427246,anonymous,EN,5,,,6,7,,,,,4,,,,,,,,,9,,,,5,,,,,,,,,,,,,,,,,,5,,,,,,,,,,,,,,,,,,,,,,6,,,,,,,,,,,,8,,,,,,,,,,,,,,,3,,,,,,,,,,,Male,3972188
2018-02-07 11:26:37,2018-02-07 11:27:16,IP Address,162.254.207.107,100,39,True,2018-02-07 11:27:16,R_DNTBupuyuUVl3ZD,,,,,38.631195068359,-90.192199707031,anonymous,EN,,,,,,,,,,,,,,"1 ""Mostly men""",,,,,"10 ""Mostly women""",,,,,,,,8,,,"1 ""Mostly men""",,,8,,,,,,4,,,,7,,,,,,,,,,,,,,,,,,,4,,,,,,,,,,,,,,,,,,,,,,,,,,,,9,,,,,,,,,,7,Female,3866979
2018-02-07 11:39:50,2018-02-07 11:40:39,IP Address,199.116.153.82,100,49,True,2018-02-07 11:40:40,R_2AYW7cm6YwIJCj8,,,,,37.493896484375,-82.964401245117,anonymous,EN,,,,,,,,,"10 ""Mostly women""",,,,,,,,,,,,,,,,,,,,6,,,,,,,,,,,,,,,,8,,,,,,,,,,6,,,,,3,,,,"10 ""Mostly women""",,,,,,,,8,,,,,,4,2,,,,,,,,,,,,,,,,"10 ""Mostly women""",,,,,,Male,8825663
